thread_count,measured_time_s,measured_speedup,measured_efficiency
1,2.029951059,1.000000,1.000000
16,0.384613043,5.277905,0.329869
64,0.176282300,11.515342,0.179927
128,0.134035939,15.144827,0.118319
